序号,实词,释义与经典例句
1,安,①怎么，哪里 ②养，奉养 ③安定，安稳 ④安全，平安 ⑤安逸，舒适 ⑥怎么，哪里 ⑦怎么，哪里 ⑧怎么，哪里 ⑨怎么，哪里 ⑩怎么，哪里
2,比,①靠近，挨着 其两膝相比者，各隐卷底衣褶中 《核舟记》；比吾乡邻之死则已后矣 《捕蛇者说》②比较，相比 比其反也，则冻馁其妻 《捕蛇者说》③及，等到 比至陈，车六七百乘，骑千余 《陈涉世家》
3,兵,①兵器，武器 兵革非不坚利也 《天时不如地利》②军队 扶苏以数谏故，上使外将兵 《陈涉世家》；葛婴将兵徇蕲以东 《陈涉世家》③兵士 行收兵 《陈涉世家》
4,病,①疾病，生病 未果，寻病终 《桃花源记》；向吾不为斯役，则久已病矣 《捕蛇者说》②困苦，困乏 则久已病矣 《捕蛇者说》③担心，忧虑 君子病无能焉，不病人之不己知也 《论语》④辱，耻辱 圣人非所与熙也，寡人反取病焉！ 《橘逾淮为枳》
5,察,①明察，考察，考核 小大之狱，虽不能察，必以情 《曹刿论战》②观察，仔细看 以咨诹善道，察纳雅言 《出师表》；徐而察之，则山下皆石穴罅 《石钟山记》
6,彻,贯通，穿透 日光下彻，影布石上 《小石潭记》；汝心之固，固不可彻 《愚公移山》
7,乘,①坐，驾 公与之乘，战于长勺 《曹刿论战》；乘犊车，从吏卒 《周处》②趁着，凭借 自京师乘风雪，历齐河、长清 《登泰山记》；因利乘便，宰割天下 《过秦论》③量词，辆 车六七百乘，骑千余，卒数万人 《陈涉世家》
8,从,①跟从，跟随 从先人还家，于舅家见之 《伤仲永》；战则请从 《曹刿论战》；一狼得骨止，一狼仍从 《狼》；太守归而宾客从也 《醉翁亭记》②听从，顺从 小惠未遍，民弗从也 《曹刿论战》；从民欲也 《陈涉世家》③自，由 乃大惊，问所从来 《桃花源记》；从口入，初极狭，才通人 《桃花源记》
9,当,①在（某时、某处） 陈康肃公尧咨善射，当世无双 《卖油翁》；咨臣以当世之事 《出师表》；当此时，诸郡县苦秦吏者 《陈涉世家》；当其南北分者，古长城也 《登泰山记》②占着，挡着 崖限当道者，世皆谓之天门云 《登泰山记》③对着，面对 僻不当道者，皆不及往 《登泰山记》；当窗理云鬓，对镜帖花黄 《木兰诗》④应当，应该 吾闻二世少子也，不当立 《陈涉世家》；今当远离，临表涕零 《出师表》；当奖率三军，北定中原 《出师表》
10,道,①道路 伐竹取道，下见小潭，水尤清冽 《小石潭记》；会天大雨，道不通，度已失期 《陈涉世家》；先帝创业未半，而中道崩殂 《出师表》②道理，规律 以咨诹善道，察纳雅言 《出师表》；得道多助，失道寡助 《天时不如地利》；策之不以其道 《马说》③说，讲 此中人语云：“不足为外人道也。” 《桃花源记》；何可胜道也哉 《石钟山记》④方法，办法 以咨诹善道，察纳雅言 《出师表》；行军用兵之道 《出师表》
11,得,①得到，获得 争而不得，不可谓强 《公输》；一狼得骨止 《狼》；然得而腊之以为饵 《捕蛇者说》；遂迷，不复得路 《桃花源记》；卒买鱼烹食，得鱼腹中书 《陈涉世家》②看到，看见 林尽水源，便得一山 《桃花源记》；见渔人，乃大惊，问所从来 《桃花源记》③领会，理解 得之心而寓之酒也 《醉翁亭记》；吾不得而见之矣 《黄生借书说》④抓到，捕获 然得而腊之以为饵 《捕蛇者说》；一狼得骨止 《狼》⑤照到，照射 日光下彻，影布石上，佁然不动 《小石潭记》⑥能够，可以 吾不得而见之矣 《黄生借书说》；虽鸡狗不得宁焉 《捕蛇者说》；其龌龊亦耐不得 《潍县署中寄舍弟墨第一书》⑦合适，适当 必能使行阵和睦，优劣得所 《出师表》
12,定,①平定 北定中原，庶竭驽钝 《出师表》；今南方已定，兵甲已足 《出师表》②安定，稳定 天下已定，始皇之心，自以为关中之固 《过秦论》；行阵和睦，优劣得所 《出师表》③决定，确定 计未定，求人可使报秦者 《廉颇蔺相如列传》；愿陛下托臣以讨贼兴复之效，不效，则治臣之罪 《出师表》
13,伐,①砍伐 伐竹取道，下见小潭，水尤清冽 《小石潭记》；斯是陋室，惟吾德馨 《陋室铭》②攻打，征伐，讨伐 十年春，齐师伐我 《曹刿论战》；以至仁伐至不仁 《天时不如地利》；伐无道，诛暴秦 《陈涉世家》
14,犯,①侵害，危害 并皆暴犯百姓 《周处》；触风雨，犯寒暑，呼嘘毒疠 《捕蛇者说》②冒着 触风雨，犯寒暑，呼嘘毒疠 《捕蛇者说》；盖一岁之犯死者二焉 《捕蛇者说》③触犯，违犯 若有作奸犯科及为忠善者 《出师表》；犯禁者斩 《史记》
15,方,①方形 石苍黑色，多平方，少圜 《登泰山记》；方宅十余亩，草屋八九间 《归园田居》②方圆，周围 今齐地方千里，百二十城 《邹忌讽齐王纳谏》；太行、王屋二山，方七百里，高万仞 《愚公移山》③正，正在 方欲行，转视积薪后，一狼洞其中 《狼》；今方来，吾欲辱之，何以也 《橘逾淮为枳》④方法，办法 以咨诹善道，察纳雅言 《出师表》；行军用兵之道 《出师表》
16,负,①背，以背载物 至于负者歌于途，行者休于树 《醉翁亭记》；负箧曳屣，行深山巨谷中 《送东阳马生序》②覆盖 苍山负雪，明烛天南 《登泰山记》；枝枝相覆盖，叶叶相交通 《孔雀东南飞》③辜负，对不起 恐托付不效，以伤先帝之明 《出师表》；负势竞上，互相轩邈 《与朱元思书》
17,赋,①征收，敛取 岁赋其二 《捕蛇者说》；更若役，复若赋，则何如？ 《捕蛇者说》②赋税 孰知赋敛之毒有甚是蛇者乎！ 《捕蛇者说》；薄赋敛，广畜积 《论贵粟疏》③一种文体 刻唐贤今人诗赋于其上 《岳阳楼记》；为一说，使与书俱 《黄生借书说》
18,更,①交替，轮换 乡里皆谓已死，更相庆 《周处》；更若役，复若赋，则何如？ 《捕蛇者说》②更加，愈加 予独爱莲之出淤泥而不染，濯清涟而不妖 《爱莲说》；更有痴似相公者 《湖心亭看雪》③再，又 室中更无人，惟有乳下孙 《石壕吏》；更上一层楼 《登鹳雀楼》
19,故,①旧，原来的 温故而知新，可以为师矣 《论语》；而两狼之并驱如故 《狼》②原因，缘故 扶苏以数谏故，上使外将兵 《陈涉世家》；既克，公问其故 《曹刿论战》③所以，因此 故克之 《曹刿论战》；故有所览辄省记 《黄生借书说》；故为之说，以俟夫观人风者得焉 《捕蛇者说》；故临崩寄臣以大事也 《出师表》
20,顾,①回头看，看 顾野有麦场，场主积薪其中 《狼》；元方入门不顾 《陈太丘与友期行》；三顾臣于草庐之中 《出师表》②拜访，探望 三顾臣于草庐之中 《出师表》；将军宜枉驾顾之 《隆中对》③关心，照顾 三岁贯女，莫我肯顾 《诗经・硕鼠》；子布、元表诸人各顾妻子 《赤壁之战》
21,观,①看，观看 启窗而观，雕栏相望焉 《核舟记》；由此观之，王之蔽甚矣 《邹忌讽齐王纳谏》；予观夫巴陵胜状，在洞庭一湖 《岳阳楼记》；今以蒋氏观之，犹信 《捕蛇者说》②观赏 可远观而不可亵玩焉 《爱莲说》；此则岳阳楼之大观也 《岳阳楼记》③考察，观察 以俟夫观人风者得焉 《捕蛇者说》；观古今之成败 《过秦论》④景象，景观 此则岳阳楼之大观也 《岳阳楼记》；而世之奇伟、瑰怪、非常之观，常在于险远 《游褒禅山记》
22,归,①返回，回去 一屠晚归，担中肉尽，止有剩骨 《狼》；太守归而宾客从也 《醉翁亭记》；而其归书也必速 《黄生借书说》②归还 郑人买其椟而还其珠 《中国古代寓言四则》；归璧于赵 《廉颇蔺相如列传》③归依，归附 微斯人，吾谁与归？ 《岳阳楼记》；众士慕仰，若水之归海 《赤壁之战》
23,号,①号令，命令 号令召三老、豪杰与皆来会计事 《陈涉世家》；乃令符离人葛婴将兵徇蕲以东 《陈涉世家》②称号，别号 陈涉乃立为王，号为张楚 《陈涉世家》；故自号曰醉翁也 《醉翁亭记》③大声喊叫 八月秋高风怒号，卷我屋上三重茅 《茅屋为秋风所破歌》；号呼而转徙，饥渴而顿踣 《捕蛇者说》
24,好,①美好，良好 好鸟相鸣，嘤嘤成韵 《与朱元思书》；则有去国怀乡，忧谗畏讥，满目萧然，感极而悲者矣 《岳阳楼记》②友好，和睦 与亮情好日密 《隆中对》；秦王使使者告赵王，欲与王为好 《廉颇蔺相如列传》③喜爱，爱好 余幼好书，家贫难致 《黄生借书说》；好读书，不求甚解 《五柳先生传》
25,会,①会合，聚会 号令召三老、豪杰与皆来会计事 《陈涉世家》；迁客骚人，多会于此 《岳阳楼记》②盟会，宴会 会宾客大宴，于厅事之东北角，施八尺屏障 《口技（林嗣环）》③正好，恰巧 会天大雨，道不通，度已失期 《陈涉世家》；会宾客大宴 《口技（林嗣环）》
26,惠,①恩惠，好处 小惠未遍，民弗从也 《曹刿论战》；大王加惠，以大易小，甚善 《公输》②同 “慧”，聪明 甚矣，汝之不惠 《愚公移山》；才美不外见，且欲与常马等不可得，安求其能千里也 《马说》
27,及,①到，至 及郡下，诣太守，说如此 《桃花源记》；及既上，苍山负雪，明烛天南 《登泰山记》②比得上，赶得上 君美甚，徐公何能及君也 《邹忌讽齐王纳谏》；不及汪伦送我情 《赠汪伦》③和，与 若有作奸犯科及为忠善者 《出师表》；吾与汝毕力平险，指通豫南，达于汉阴，可乎？ 《愚公移山》
28,极,①尽头，极点，穷尽 此乐何极！ 《岳阳楼记》；然则北通巫峡，南极潇湘 《岳阳楼记》；通计一舟，为人五；为窗八；为箬篷，为楫，为炉，为壶，为手卷，为念珠各一 《核舟记》②到极点，最 感极而悲者矣 《岳阳楼记》；初极狭，才通人 《桃花源记》；极天云一线异色，须臾成五采 《登泰山记》③非常，极其 初极狭，才通人 《桃花源记》；极天云一线异色 《登泰山记》
29,计,①计算，计量 通计一舟，为人五；为窗八 《核舟记》；而计其长，曾不盈寸 《核舟记》②谋划，打算 今亡亦死，举大计亦死，等死，死国可乎？ 《陈涉世家》；虎因喜，计之曰：“技止此耳！” 《黔之驴》③计谋，诡计，策略 见使于一鼠，堕此虫之计中 《黠鼠赋》；三十六计，走为上计 《孙子兵法》
30,济,①有利，有益 读书以过目成诵为能，最是不济事 《潍县署中寄舍弟墨第一书》②渡过，渡 长风破浪会有时，直挂云帆济沧海 《行路难》；济河焚舟 《左传》③成就，成功 若事之不济，此乃天也 《赤壁之战》；大济苍生 《晋书・谢安传》
31,加,①增加（虚夸，以少报多） 牺牲玉帛，弗敢加也，必以信 《曹刿论战》②增加，增益 而山不加增，何苦而不平？ 《愚公移山》；万钟于我何加焉！ 《鱼我所欲也》③施加，给予 大王加惠，以大易小，甚善 《公输》；加冠，益慕圣贤之道 《送东阳马生序》
32,假,①借 非夫人之物而强假焉 《黄生借书说》；以是人多以书假余，余因得遍观群书 《送东阳马生序》②假，与 “真” 相对（假装） 乃悟前狼假寐，盖以诱敌 《狼》；狐假虎威 《中国古代寓言四则》③凭借，借助 君子生非异也，善假于物也 《劝学》；假舆马者，非利足也，而致千里 《劝学》
33,间,①中间，期间 水声潺潺而泻出于两峰之间者，酿泉也 《醉翁亭记》；颓然乎其间者，太守醉也 《醉翁亭记》；奉命于危难之间 《出师表》②间或，偶尔 数月之后，时时而间进 《邹忌讽齐王纳谏》；间以诗记所遭 《指南录后序》③参与 肉食者谋之，又何间焉？ 《曹刿论战》；中间力拉崩倒之声，火爆声，呼呼风声，百千齐作 《口技（林嗣环）》④暗地里 又间令吴广之次所旁丛祠中，夜篝火，狐鸣呼曰 《陈涉世家》；侯生乃屏人间语曰 《信陵君窃符救赵》⑤夹杂 中间力拉崩倒之声 《口技（林嗣环）》
34,简,①挑选，选拔 是以先帝简拔以遗陛下 《出师表》；盖简桃核修狭者为之 《核舟记》②简单，简略 其责己也重以周，其待人也轻以约 《原毁》；居简而行简，无乃大简乎？ 《论语》③同 “拣”，挑选 简能而任之，择善而从之 《谏太宗十思疏》
35,见,①看见，看到 于舅家见之，十二三矣 《伤仲永》；平原不在，正见清河 《周处》；见其发矢十中八九，但微颔之 《卖油翁》；斗折蛇行，明灭可见 《小石潭记》；虎见之，庞然大物也，以为神 《黔之驴》；见渔人，乃大惊，问所从来 《桃花源记》②拜见，遇见 曹刿请见 《曹刿论战》；于是入朝见威王 《邹忌讽齐王纳谏》；见公输盘 《公输》；徐庶见先主，先主器之 《隆中对》③同 “现”，出现，显现 图穷而匕首见 《荆轲刺秦王》；才美不外见 《马说》；何时眼前突兀见此屋 《茅屋为秋风所破歌》④了解，知道 见往事耳 《孙权劝学》；大兄何见事之晚乎！ 《孙权劝学》
36,尽,①完，没有了 一屠晚归，担中肉尽，止有剩骨 《狼》；骨已尽矣，而两狼之并驱如故 《狼》；以尽吾齿 《捕蛇者说》②全部，都 触草木，尽死 《捕蛇者说》；其远古刻尽漫失 《登泰山记》；至于斟酌损益，进尽忠言 《出师表》；尽信书，则不如无书 《孔孟论学》③穷尽，竭尽 殚其地之出，竭其庐之入 《捕蛇者说》；一鼓作气，再而衰，三而竭 《曹刿论战》；进尽忠言 《出师表》④过完，度过 以尽吾齿 《捕蛇者说》；聊乘化以归尽，乐夫天命复奚疑！ 《归去来兮辞》
37,进,①前进，与 “退” 相对 譬如平地，虽覆一篑，进，吾往也 《孔孟论学》；是进亦忧，退亦忧 《岳阳楼记》；船进，敌船益近 《冯婉贞》②进献，奉献 令初下，群臣进谏，门庭若市 《邹忌讽齐王纳谏》；进尽忠言 《出师表》；是进亦忧，退亦忧 《岳阳楼记》③做官，出仕 是进亦忧，退亦忧 《岳阳楼记》；进不入以离尤兮，退将复修吾初服 《离骚》
38,居,①停留，止息 以其境过清，不可久居，乃记之而去 《小石潭记》；而半山居雾若带然 《登泰山记》②居住，安居 自吾氏三世居是乡，积于今六十岁矣 《捕蛇者说》；曩与吾祖居者，今其室十无一焉 《捕蛇者说》；居庙堂之高，则忧其民 《岳阳楼记》③处在，处于（某种地位或某个地方） 佛印居右，鲁直居左 《核舟记》；居右者椎髻仰面，左手倚一衡木 《核舟记》；居庙堂之高，则忧其民；处江湖之远，则忧其君 《岳阳楼记》④经过，过了 居数月，其马将胡骏马而归 《塞翁失马》；居十日，扁鹊复见 《扁鹊见蔡桓公》
39,举,①举起，抬起 举头望明月，低头思故乡 《静夜思》；举大计亦死 《陈涉世家》②发动，兴起 今亡亦死，举大计亦死，等死，死国可乎？ 《陈涉世家》；举兵伐楚 《史记》③成就，成功 且壮士不死即已，死即举大名耳 《陈涉世家》；莫等闲，白了少年头，空悲切 《满江红》④选拔，推举 是以众议举宠为督 《出师表》；举孝廉不行，连辟公府不就 《张衡传》⑤全，整个 举国上下 《成语》；举家庆贺 《聊斋志异》
40,具,①具备，具有 罔不因势象形，各具情态 《核舟记》；此人一一为具言所闻，皆叹惋 《桃花源记》②详细，详尽 此人一一为具言所闻 《桃花源记》；具答之 《桃花源记》③器具，工具 仲永生五年，未尝识书具 《伤仲永》；每假借于藏书之家，手自笔录，计日以还 《送东阳马生序》④准备，备办 成妻具资诣问 《促织》；具告以事 《鸿门宴》
41,俱,①全，都 宫中府中，俱为一体，陟罚臧否，不宜异同 《出师表》；为一说，使与书俱 《黄生借书说》；百废具兴 《岳阳楼记》②一起，一同 虽与之俱学，弗若之矣 《孔孟论学》；俱往矣，数风流人物，还看今朝 《沁园春・雪》
42,遽,①立即，立刻 是方啮也，而遽死也 《黠鼠赋》；其父虽善游，其子岂遽善游哉？ 《中国古代寓言四则》②就，竟 使遂蚤得处囊中，乃颖脱而出，非特其末见而已 《毛遂自荐》；遽契其舟 《吕氏春秋两则》
43,决,①决断，判定 孔子不能决也 《两小儿辩日》；吾不能举全吴之地，十万之众，受制于人 《赤壁之战》②决定，确定 计未定，求人可使报秦者 《廉颇蔺相如列传》；愿陛下托臣以讨贼兴复之效，不效，则治臣之罪 《出师表》③解决，了结 以啮人，无御之者 《捕蛇者说》；吾与汝毕力平险，指通豫南，达于汉阴，可乎？ 《愚公移山》
44,类,①类推，类比 谓知类 《公输》；义不杀少而杀众，不可谓知类 《公输》②种类，类别 有良田、美池、桑竹之属 《桃花源记》；忠之属也 《曹刿论战》；物以类聚，人以群分 《周易》③类似，像 神情与苏、黄不属 《核舟记》；有类橐驼者，故乡人号之 “驼” 《种树郭橐驼传》
45,临,①靠近，对着 有亭翼然临于泉上者，醉翁亭也 《醉翁亭记》；临溪而渔，溪深而鱼肥 《醉翁亭记》；把酒临风，其喜洋洋者矣 《岳阳楼记》②到，到达 临表涕零，不知所言 《出师表》；今当远离，临表涕零 《出师表》③正当，将要，就要 临崩寄臣以大事也 《出师表》；临战，先主召亮于成都 《三国志》④面对，对着 临危不惧 《成语》；临渊羡鱼，不如退而结网 《汉书》
46,虑,①思虑，思想，心思 困于心，衡于虑，而后作 《生于忧患，死于安乐》；此皆良实，志虑忠纯，是以先帝简拔以遗陛下 《出师表》②担心，顾虑 必虑人逼取，而惴惴焉摩玩之不已 《黄生借书说》；人无远虑，必有近忧 《论语》③考虑，谋划 智者千虑，必有一失；愚者千虑，必有一得 《史记》；陛下亦宜自谋，以咨诹善道，察纳雅言 《出师表》
47,论,①议论，谈论 先帝在时，每与臣论此事，未尝不叹息痛恨于桓、灵也 《出师表》；曹刿论战 《左传》②评定，判定 宜付有司论其刑赏 《出师表》；论功行赏 《史记》③学说，主张 亦将夺于公论而无以立矣 《答司马谏议书》；余不佞，独持迂论 《治水必躬亲》④说，讲 问说 《刘开》；论天下事势，致殷勤之意 《赤壁之战》
48,漫,①满，弥漫 亭东自足下皆云漫 《登泰山记》；漫卷诗书喜欲狂 《闻官军收河南河北》②模糊，不可辨认 其远古刻尽漫失 《登泰山记》；碑上漫灭，独其为文犹可识 《游褒禅山记》③随意，随便 漫不经心 《成语》；漫卷诗书喜欲狂 《闻官军收河南河北》
49,灭,①熄灭 火燃焱而不灭，水浩洋而不息 《中国古代神话三则》；斗折蛇行，明灭可见 《小石潭记》②暗，看不见 斗折蛇行，明灭可见 《小石潭记》；日星隐曜，山岳潜形 《岳阳楼记》③消灭，灭亡 秦灭六国，统一天下 《史记》；灭六国者，六国也，非秦也 《阿房宫赋》
50,明,①明亮，光明 晦明变化者，山间之朝暮也 《醉翁亭记》；苍山负雪，明烛天南 《登泰山记》；庭下如积水空明，水中藻、荇交横，盖竹柏影也 《记承天夜游》②明确，清楚 名实已明，而天下之理得矣 《答司马谏议书》；以昭陛下平明之理 《出师表》③严明，英明 恐托付不效，以伤先帝之明 《出师表》；明君制民之产，必使仰足以事父母，俯足以畜妻子 《孟子》④视力，目力 左丘失明，厥有《国语》 《报任安书》；明足以察秋毫之末，而不见舆薪 《孟子》
51,名,①名字，名称 即书诗四句，并自为其名 《伤仲永》；其船背稍夷，则题名其上 《核舟记》；名之者谁？太守自谓也 《醉翁亭记》②命名，取名 名之者谁？太守自谓也 《醉翁亭记》；以故其后名之曰 “褒禅” 《游褒禅山记》③名声，名望 周处年少时，凶强侠气，为乡里所患；又义兴水中有蛟，山中有白额虎，并皆暴犯百姓。义兴人谓为三横，而处尤剧 《周处》；举大名耳 《陈涉世家》④有名，著名 山不在高，有仙则名 《陋室铭》；水不在深，有龙则灵 《陋室铭》
52,命,①命令，号令 徒属皆曰：“敬受命。” 《陈涉世家》；奉命于危难之间 《出师表》；受命以来，夙夜忧叹 《出师表》；夫子何命焉为？ 《公输》②生命，性命 苟全性命于乱世，不求闻达于诸侯 《出师表》；吾闻二世少子也，不当立 《陈涉世家》③规律，法则 五十而知天命 《论语》；天命有常，不为尧存，不为桀亡 《荀子》④命名，取名 名之者谁？太守自谓也 《醉翁亭记》；以故其后名之曰 “褒禅” 《游褒禅山记》
53,谋,①谋划，商量 肉食者谋之，又何间焉？ 《曹刿论战》；陈胜、吴广乃谋曰：“今亡亦死，举大计亦死，等死，死国可乎？” 《陈涉世家》②计谋，计策 深谋远虑，行军用兵之道 《出师表》；陛下亦宜自谋，以咨诹善道，察纳雅言 《出师表》③图谋，谋求 不敢加兵谋魏十余年 《信陵君窃符救赵》；谋闭而不兴，盗窃乱贼而不作 《礼记・礼运》
54,难,①不容易，困难 夫大国，难测也，惧有伏焉 《曹刿论战》；余幼好书，家贫难致 《黄生借书说》；蜀道之难，难于上青天 《蜀道难》②灾难 奉命于危难之间 《出师表》；天下兴亡，匹夫有责 《日知录》③反驳，驳诘，诘问 所谓交相问难，审问而明辨之也 《问说》；余不佞，独持迂论，难与足下遽定也 《答司马谏议书》
55,平,①平坦 土地平旷，屋舍俨然 《桃花源记》；石苍黑色，多平方，少圜 《登泰山记》；皆平顶 《登泰山记》②填平，铲平 譬如平地，虽覆一篑，进，吾往也 《孔孟论学》；吾与汝毕力平险，指通豫南，达于汉阴，可乎？ 《愚公移山》③公平，公正 以昭陛下平明之理 《出师表》；不平心持正，反欲斗两主，观祸败 《苏武传》④平定，安定 今南方已定，兵甲已足 《出师表》；北定中原，庶竭驽钝 《出师表》
56,戚,①悲伤，忧愁 蒋氏大戚，汪然出涕曰 《捕蛇者说》；君子坦荡荡，小人长戚戚 《论语》②亲属，指族外 寡助之至，亲戚畔之 《天时不如地利》；臣所以去亲戚而事君者，徒慕君之高义也 《廉颇蔺相如列传》
57,启,①打开，开启 启窗而观，雕栏相望焉 《核舟记》；启门而入 《聊斋志异》②启发，启示 不愤不启，不悱不发 《论语》；启予足，启予手 《论语》③开始，开创 启新程，开新局 《成语》；自可断来信，徐徐更谓之 《孔雀东南飞》
58,强,①强悍，强大，坚强 凶强侠气，为乡里所患 《周处》；秦强而赵弱，不可不许 《廉颇蔺相如列传》②（qiǎng）勉强，硬要 非夫人之物而强假焉 《黄生借书说》；强饮三大白而别 《湖心亭看雪》③有余，略多 赏赐百千强 《木兰诗》；策勋十二转，赏赐百千强 《木兰诗》
59,窃,①偷取 有蛮隶窃其橐装以逃，获于新州 《巢谷传》；鼠，子神也，善窃 《黠鼠赋》②偷偷地，暗地里 窃以为与君实游处相好之日久 《答司马谏议书》；窃爱怜之 《触龙说赵太后》③谦辞，私自，私下 窃以为陛下亦宜自谋 《出师表》；窃为大王不取也 《鸿门宴》
60,请,①请求，要求 公输盘曰：“夫子何命焉为？” 子墨子曰：“北方有侮臣者，愿借子杀之。” 公输盘不说。子墨子曰：“请献十金。” 《公输》；曹刿请见 《曹刿论战》②请你做某事 请说之 《公输》；请以剑舞 《鸿门宴》③谒见，拜访 其造请诸公，不避寒暑 《张衡传》；公子往，数请之，朱亥故不复谢 《信陵君窃符救赵》
61,穷,①穷尽，完结 四时之景不同，而乐亦无穷也 《醉翁亭记》；复前行，欲穷其林 《桃花源记》；穷予生之光阴以疗梅也哉 《病梅馆记》②走到尽头，走完 复前行，欲穷其林 《桃花源记》；穷山之高而止 《始得西山宴游记》③不得志，不显贵 穷则独善其身，达则兼善天下 《孟子》；穷且益坚，不坠青云之志 《滕王阁序》④贫困，贫穷 为宫室之美、妻妾之奉、所识穷乏者得我与？ 《鱼我所欲也》；家贫，无从致书以观 《送东阳马生序》
62,求,①寻找，寻求 舟止，从其所契者入水求之 《吕氏春秋两则》；予尝求古仁人之心，或异二者之为，何哉？ 《岳阳楼记》；求二石兽于水中，竟不可得 《河中石兽》②索取，要求，需求 忽啼求之 《伤仲永》；客之美我者，欲有求于我也 《邹忌讽齐王纳谏》；以中有足乐者，不知口体之奉不若人也 《送东阳马生序》③请求，乞求 秦昭王闻之，使人遗赵王书，愿以十五城请易璧 《廉颇蔺相如列传》；请献十金 《公输》④追求，谋求 不求闻达于诸侯 《出师表》；君子求诸己，小人求诸人 《论语》
63,取,①拿 乃取一葫芦置于地，以钱覆其口，徐以杓酌油沥之，自钱孔入，而钱不湿 《卖油翁》；圣人非所与熙也，寡人反取病焉！ 《橘逾淮为枳》②获得，讨取（招致） 圣人非所与熙也，寡人反取病焉！ 《橘逾淮为枳》；伐竹取道，下见小潭，水尤清冽 《小石潭记》③开辟 伐竹取道，下见小潭，水尤清冽 《小石潭记》④选取，采用 吾于武成，取二三策而已矣 《孔孟论学》；二者不可得兼，舍鱼而取熊掌者也 《鱼我所欲也》
64,去,①离开 睨之，久而不去 《卖油翁》；乃记之而去 《小石潭记》；尽其肉，乃去 《黔之驴》；一狼径去，其一犬坐于前 《狼》；则有去国怀乡，忧谗畏讥，满目萧然，感极而悲者矣 《岳阳楼记》②距离 西蜀之去南海，不知几千里也 《为学》；去村四里有森林，阴翳蔽日，伏焉 《冯婉贞》③除掉，去掉 去死肌，杀三虫 《捕蛇者说》；除残去秽 《赤壁之战》④过去的 我从去年辞帝京，谪居卧病浔阳城 《琵琶行》；去年今日此门中，人面桃花相映红 《题都城南庄》
65,全,①整个，全部 全石以为底，近岸，卷石底以出 《小石潭记》；宫中府中，俱为一体，陟罚臧否，不宜异同 《出师表》②保全，使完整 苟全性命于乱世，不求闻达于诸侯 《出师表》；全躯保妻子之臣，随而媒孽其短 《报任安书》③完全，都 全无心肝 《成语》；全不察乎？ 《答司马谏议书》
66,任,①责任，职责 进尽忠言，则攸之、祎、允之任也 《出师表》；受任于败军之际，奉命于危难之间 《出师表》②委任，任用 是以众议举宠为督 《出师表》；简能而任之，择善而从之 《谏太宗十思疏》③任凭，听凭 一任群芳妒 《卜算子・咏梅》；任重而道远 《论语》④能力，才能 无任区区向往之至 《答司马谏议书》；王甚任之 《屈原列传》
67,入,①进入，与 “出” 相对 乃入吴寻二陆 《周处》；虎见之，庞然大物也，以为神，蔽林间窥之 《黔之驴》；故五月渡泸，深入不毛 《出师表》；余始循以入，道少半，越中岭，复循西谷，遂至其巅 《登泰山记》；乃入据陈 《陈涉世家》②跳入 周处年少时，凶强侠气，为乡里所患；又义兴水中有蛟，山中有白额虎，并皆暴犯百姓。义兴人谓为三横，而处尤剧。或说处杀虎斩蛟，实冀三横唯余其一。处即刺杀虎，又入水击蛟。蛟或浮或没，行数十里，处与之俱。经三日三夜，乡里皆谓已死，更相庆。竟杀蛟而出，闻里人相庆，始知为人情所患，有自改意 《周处》③注入 以钱覆其口，徐以杓酌油沥之，自钱孔入，而钱不湿 《卖油翁》④进宫廷 曹刿请见 《曹刿论战》；于是入朝见威王 《邹忌讽齐王纳谏》⑤射进 月色入户，欣然起行 《记承天夜游》⑥缴纳 募有能捕之者，当其租入 《捕蛇者说》
68,善,①好，好的，善良的 若有作奸犯科及为忠善者，宜付有司论其刑赏 《出师表》；择其善者而从之，其不善者而改之 《论语》②友好，亲善 有韩仔玉者，无与乙善 《果合传》；楚左尹项伯者，项羽季父也，素善留侯张良 《鸿门宴》③擅长，善于 王视晏子曰：“齐人固善盗乎？” 《橘逾淮为枳》；陈康肃公尧咨善射，当世无双 《卖油翁》；弈秋，通国之善弈者也 《孔孟论学》；京中有善口技者 《口技（林嗣环）》④应答之词，好 王曰：“善。” 《邹忌讽齐王纳谏》；先主曰：“善！” 于是与亮情好日密 《隆中对》
69,少,①数量少，不多 义不杀少而杀众，不可谓知类 《公输》；饮少辄醉，而年又最高 《醉翁亭记》；山多石，少土 《登泰山记》；少杂树，多松，生石罅，皆平顶 《登泰山记》②一会儿，不多时 少顷，但闻屏障中抚尺一下，满坐寂然，无敢哗者 《口技（林嗣环）》；少时，一狼径去，其一犬坐于前 《狼》③缺少，不足 但少闲人如吾两人者耳 《记承天夜游》；遥知兄弟登高处，遍插茱萸少一人 《九月九日忆山东兄弟》④年轻，年少 周处年少时，凶强侠气，为乡里所患 《周处》；而少时之岁月为可惜也 《黄生借书说》；陈涉少时，尝与人佣耕 《陈涉世家》；吾闻二世少子也，不当立 《陈涉世家》⑤稍微，略微 宾客意少舒，稍稍正坐 《口技（林嗣环）》；少焉，月出于东山之上，徘徊于斗牛之间 《赤壁赋》
70,舍,①房屋，住宅 土地平旷，屋舍俨然，有良田、美池、桑竹之属 《桃花源记》；客舍青青柳色新 《送元二使安西》②舍弃，放下 便舍船，从口入 《桃花源记》；舍鱼而取熊掌者也 《鱼我所欲也》；锲而不舍，金石可镂 《劝学》③同 “赦”，赦免 舍其罪，言其功 《左传》；万钟则不辩礼义而受之，万钟于我何加焉！ 《鱼我所欲也》
71,涉,①趟水过河，渡 楚人有涉江者，其剑自舟中坠于水 《吕氏春秋两则》；循表而夜涉，溺死者千有余人 《吕氏春秋两则》②经历，经过 涉寒暑不溃 《卖柑者言》；涉世未深 《成语》③阅览，阅读 但当涉猎，见往事耳 《孙权劝学》；涉笔成趣 《成语》
72,生,①（草木）生长，出生，诞生 橘生淮南则为橘，生于淮北则为枳 《橘逾淮为枳》；今民生长于齐不盗，入楚则盗，得无楚之水土使民善盗耶？ 《橘逾淮为枳》；仲永生五年，未尝识书具，忽啼求之 《伤仲永》；虽有天下易生之物也，一日暴之，十日寒之，未有能生者也 《孔孟论学》；少杂树，多松，生石罅，皆平顶 《登泰山记》②活着，生存 生于忧患，死于安乐 《生于忧患，死于安乐》；吾闻二世少子也，不当立 《陈涉世家》③一生，一辈子 穷予生之光阴以疗梅也哉 《病梅馆记》；人生自古谁无死，留取丹心照汗青 《过零丁洋》④生活，生计，生存期间 而乡邻之生日蹙 《捕蛇者说》；可怜身上衣正单，心忧炭贱愿天寒 《卖炭翁》
73,胜,①胜利，战胜 彼竭我盈，故克之 《曹刿论战》；此所谓战胜于朝廷 《邹忌讽齐王纳谏》；射者中，弈者胜，觥筹交错，起坐而喧哗者，众宾欢也 《醉翁亭记》②超过，胜过 日出江花红胜火，春来江水绿如蓝 《忆江南》；此时无声胜有声 《琵琶行》③尽，完 臣不胜受恩感激 《出师表》；何可胜道也哉 《石钟山记》；不胜枚举 《成语》④优美的，美好的 予观夫巴陵胜状，在洞庭一湖 《岳阳楼记》；江山如此多娇，引无数英雄竞折腰 《沁园春・雪》
74,师,①军队 十年春，齐师伐我 《曹刿论战》；王师北定中原日，家祭无忘告乃翁 《示儿》②老师，师父 温故而知新，可以为师矣 《论语》；师者，所以传道受业解惑也 《师说》③学习，效法 吾师道也，夫庸知其年之先后生于吾乎？ 《师说》；不耻相师 《师说》④有专门技艺的人 巫医乐师百工之人，不耻相师 《师说》；师旷之聪，不以六律，不能正五音 《孟子》
75,施,①施行，实施 悉以咨之，然后施行 《出师表》；度不中而轻发，徒糜弹药，无益吾事 《冯婉贞》②给予，施舍 施与贫困 《成语》；愿无伐善，无施劳 《论语》③设置，安放 施八尺屏障，口技人坐屏障中 《口技（林嗣环）》；于厅事之东北角，施八尺屏障 《口技（林嗣环）》④恩惠，好处 小惠未遍，民弗从也 《曹刿论战》；大王加惠，以大易小，甚善 《公输》
76,实,①果实，种子 叶徒相似，其实味不同 《橘逾淮为枳》；春华秋实 《成语》②实际，事实 名实已明，而天下之理得矣 《答司马谏议书》；实冀三横唯余其一 《周处》③诚实，真实 此皆良实，志虑忠纯，是以先帝简拔以遗陛下 《出师表》；侍中、侍郎郭攸之、费祎、董允等，此皆良实，志虑忠纯 《出师表》④确实，实在 实无反心 《史记》；实迷途其未远，觉今是而昨非 《归去来兮辞》
77,食,①吃，吃饭 衣食所安，弗敢专也，必以分人 《曹刿论战》；便要还家，设酒杀鸡作食 《桃花源记》；一箪食，一豆羹，得之则生，弗得则死 《鱼我所欲也》②食物，粮食 衣食所安，弗敢专也 《曹刿论战》；设酒杀鸡作食 《桃花源记》；足食足兵，民信之矣 《论语》③同 “饲”，喂养 食马者不知其能千里而食也 《马说》；食之不能尽其材 《马说》
78,使,①命令，派遣（支使，役使） 扶苏以数谏故，上使外将兵 《陈涉世家》；卒见使于一鼠，堕此虫之计中 《黠鼠赋》；得无楚之水土使民善盗耶？ 《橘逾淮为枳》②让，叫，令；使得，致使 使童子烛之，有橐中空 《黠鼠赋》；必能使行阵和睦，优劣得所 《出师表》；为一说，使与书俱 《黄生借书说》；不使学 《伤仲永》；不宜偏私，使内外异法也 《出师表》；使弈秋诲二人弈 《孔孟论学》③出使 晏子将使楚 《橘逾淮为枳》；使于四方，不辱君命 《论语》④使者，使臣 齐使使问之 《晏子春秋》；大王遣一介之使至赵，赵立奉璧来 《廉颇蔺相如列传》
79,释,①放下，放开 有卖油翁释担而立，睨之，久而不去 《卖油翁》；释之，去之 《聊斋志异》②解释，说明 释其义，明其理 《成语》；《说文解字》，释字之书也 《说文解字》③同 “舍”，舍弃 释其罪，言其功 《左传》；万钟则不辩礼义而受之，万钟于我何加焉！ 《鱼我所欲也》
80,恃,依赖，倚仗，依靠 富者曰：“子何恃而往？” 曰：“吾一瓶一钵足矣。” 《为学》；恃才傲物 《成语》；子何恃而往？ 《为学》
81,属,①（zhǔ）同 “嘱”，嘱托 属予作文以记之 《岳阳楼记》；属以后事 《三国志》②部属，隶属，归属 召令徒属曰：“公等遇雨，皆已失期，失期当斩。” 《陈涉世家》；忠之属也 《曹刿论战》③类，一类 有良田、美池、桑竹之属 《桃花源记》；忠之属也 《曹刿论战》；物以类聚，人以群分 《周易》④像，类似 神情与苏、黄不属 《核舟记》；有类橐驼者，故乡人号之 “驼” 《种树郭橐驼传》
82,说,①陈述，解说，讲 及郡下，诣太守，说如此 《桃花源记》；请说之 《公输》；说尽心中无限事 《琵琶行》②言论，主张，学说 辟邪说，难壬人，不为拒谏 《答司马谏议书》；为一说，使与书俱 《黄生借书说》③古代的一种文体 故为之说，以俟夫观人风者得焉 《捕蛇者说》；《马说》《师说》《捕蛇者说》④（shuì）劝说，说服 或说处杀虎斩蛟，实冀三横唯余其一 《周处》；说备使抚表众 《三国志》⑤（yuè）同 “悦”，喜欢，高兴 公输盘不说 《公输》；学而时习之，不亦说乎？ 《论语》
83,素,①白的，没有染色的 素蟫灰丝时蒙卷轴 《黄生借书说》；素湍绿潭，回清倒影 《三峡》②朴素，不加装饰的 可以调素琴，阅金经 《陋室铭》；素面朝天 《成语》③向来，一向 吴广素爱人，士卒多为用者 《陈涉世家》；素不相识 《成语》；吾素知汝平生谨慎 《出师表》
84,汤,①热水，开水 日初出沧沧凉凉，及日中则如探汤，此不为近者热而远者凉乎？ 《两小儿辩日》；媵人持汤沃灌，以衾拥覆，久而乃和 《送东阳马生序》②食物煮后所得的汁水 衔远山，吞长江，浩浩汤汤，横无际涯 《岳阳楼记》；汤汤乎若流水 《伯牙鼓琴》③同 “烫”，用热水焐 疾在腠理，汤熨之所及也 《扁鹊见蔡桓公》
85,痛,痛心，悲痛 未尝不叹息痛恨于桓、灵也 《出师表》；痛定思痛，痛何如哉 《指南录后序》；吾上恐负朝廷，下恐愧吾师也 《左忠毅公逸事》
86,亡,①逃亡，逃跑 今亡亦死，举大计亦死，等死，死国可乎？ 《陈涉世家》；广故数言欲亡，忿恚尉，令辱之，以激怒其众 《陈涉世家》②灭亡，死亡 出则无敌国外患者，国恒亡 《生于忧患，死于安乐》；此诚危急存亡之秋也 《出师表》；亡羊补牢，未为迟也 《战国策》③失掉，失去 为蛇足者，终亡其酒 《中国古代寓言四则》；亡羊补牢 《战国策》④（wú）通 “无”，没有 河曲智叟亡以应 《中国古代神话三则》；亡何国变，宁南死 《柳敬亭传》
87,为,①做，干 缚者曷为者也？ 《橘逾淮为枳》；行拂乱其所为 《生于忧患，死于安乐》；今吾嗣为之十二年，几死者数矣 《捕蛇者说》；向吾不为斯役，则久已病矣 《捕蛇者说》；若有作奸犯科及为忠善者，宜付有司论其刑赏 《出师表》②雕刻，制作，制造 能以径寸之木，为宫室、器皿、人物，以至鸟兽、木石，罔不因势象形，各具情态 《核舟记》；通计一舟，为人五；为窗八；为箬篷，为楫，为炉，为壶，为手卷，为念珠各一 《核舟记》；盖简桃核修狭者为之 《核舟记》；吾从北方闻子为梯，将以攻宋 《公输》③修筑，修建 为坛而盟，祭以尉首 《陈涉世家》；为宫室之美、妻妾之奉、所识穷乏者得我与？ 《鱼我所欲也》④堆积 譬如为山，未成一篑，止，吾止也 《孔孟论学》；为山九仞，功亏一篑 《尚书》⑤酿造 酿泉为酒，泉香而酒洌 《醉翁亭记》；为酒甚美 《晏子春秋》⑥写，署，题 并自为其名 《伤仲永》；为一说，使与书俱 《黄生借书说》；故为之说，以俟夫观人风者得焉 《捕蛇者说》⑦叫作，称为 陈涉乃立为王，号为张楚 《陈涉世家》；功宜为王 《陈涉世家》；中峨冠而多髯者为东坡 《核舟记》；中轩敞者为舱 《核舟记》；义兴人谓为三横，而处尤剧 《周处》⑧担任，充当 是以众议举宠为督 《出师表》；为屯长 《陈涉世家》；陈胜自立为将军，吴广为都尉 《陈涉世家》；若为佣耕，何富贵也？ 《陈涉世家》⑨作为，当作 其诗以养父母、收族为意 《伤仲永》；今夫弈之为数，小数也 《孔孟论学》；以君为长者，故不错意也 《唐雎不辱使命》⑩是 中峨冠而多髯者为东坡 《核舟记》；中轩敞者为舱 《核舟记》；义兴人谓为三横，而处尤剧 《周处》；为是其智弗若与？曰：非然也 《孔孟论学》；乌在其为智也 《黠鼠赋》；项燕为楚将，数有功，爱士卒，楚人怜之 《陈涉世家》
88,务,①致力，从事 此三者皆务欲得其前利，而不顾其后之有患也 《螳螂捕蝉》；内立法度，务耕织，修守战之具 《过秦论》②事务，事情 教以慎于接物，推贤进士为务 《报任安书》；世之学者，忘本逐末，而学不成，何异于是！ 《卖柑者言》③一定，务必 务必要注意安全 《成语》；务使天下共享太平之福 《明史》
89,徙,迁移 非死则徙尔 《捕蛇者说》；号呼而转徙，饥渴而顿踣 《捕蛇者说》；徙于南冥 《庄子・逍遥游》
90,狭,①狭窄，窄小 初极狭，才通人 《桃花源记》；盖简桃核修狭者为之 《核舟记》；其船背稍夷，则题名其上，文曰 “天启壬戌秋日，虞山王毅叔远甫刻”，细若蚊足，钩画了了，其色墨 《核舟记》②心胸、气量、见识等不宏大宽广 狭隘 《成语》；狭路相逢勇者胜 《史记》
91,鲜,①鲜艳，鲜明 芳草鲜美，落英缤纷 《桃花源记》；醉醇醴而饫肥鲜者 《卖柑者言》②少，不多 菊之爱，陶后鲜有闻 《爱莲说》；鲜为人知 《成语》③新鲜 无鲜肥滋味之享 《送东阳马生序》；鲜鱼、鲜肉 《日常用语》
92,向,①朝着，对着 狼不敢前，眈眈相向 《狼》；向为何声，岂其鬼耶？ 《黠鼠赋》；便扶向路，处处志之 《桃花源记》②从前，过去 便扶向路，处处志之 《桃花源记》；向吾不为斯役，则久已病矣 《捕蛇者说》③将近，接近 向晚意不适，驱车登古原 《乐游原》；向夕长风起，寒云没西山 《中夜起望西园值月上》
93,效,①效果，功效 不效，则治臣之罪 《出师表》；愿陛下托臣以讨贼兴复之效 《出师表》；斯用兵之效也 《六国论》②仿效，模仿 王效其作为 《卖柑者言》；上行下效 《成语》③献出，尽力 效命于疆场 《成语》；愿陛下托臣以讨贼兴复之效，不效，则治臣之罪 《出师表》
94,信,①信实，说实话，诚实 必以信 《曹刿论战》；牺牲玉帛，弗敢加也，必以信 《曹刿论战》②信用，讲信用 小信未孚，神弗福也 《曹刿论战》；忌不自信，而复问其妾曰：“吾孰与徐公美？” 《邹忌讽齐王纳谏》③相信，信任 忌不自信 《邹忌讽齐王纳谏》；愿陛下亲之信之，则汉室之隆，可计日而待也 《出师表》④确实，实在 信可乐也 《兰亭集序》；信手拈来 《成语》⑤同 “伸”，伸张 欲信大义于天下 《隆中对》；信义著于四海 《三国志》
95,行,①行走 山行六七里，渐闻水声潺潺而泻出于两峰之间者，酿泉也 《醉翁亭记》；行者休于树，前者呼，后者应，伛偻提携，往来而不绝者，滁人游也 《醉翁亭记》；复行数十步，豁然开朗 《桃花源记》；蛟或浮或没，行数十里，处与之俱 《周处》②爬行 斗折蛇行，明灭可见 《小石潭记》；行数十里，处与之俱 《周处》③通行，出行 皇帝行宫在碧霞元君祠东 《登泰山记》；行装，行李 《日常用语》④行军 行收兵 《陈涉世家》；行军用兵之道 《出师表》⑤做，实行，实施，从事 虽生知安行之圣，不废困勉下学之功也 《潍县署中寄舍弟墨第一书》；悉以咨之，然后施行 《出师表》；乃行卜 《陈涉世家》⑥品德，品行 将军向宠，性行淑均，晓畅军事，试用于昔日，先帝称之曰能，是以众议举宠为督 《出师表》；行比伯夷，置以为相也 《庄子》⑦排行，辈分 陈胜、吴广皆次当行，为屯长 《陈涉世家》；行阵和睦，优劣得所 《出师表》
96,形,①身体，形体 无案牍之劳形 《陋室铭》；形单影只 《成语》②形状，样子 罔不因势象形，各具情态 《核舟记》；日星隐曜，山岳潜形 《岳阳楼记》；形影相吊 《陈情表》③表现，显现 喜怒不形于色 《三国志》；形诸笔墨 《成语》④对照，对比 相形见绌 《成语》；形影不离 《成语》
97,兴,①起，兴起 一鼓作气，再而衰，三而竭 《曹刿论战》；困于心，衡于虑，而后作；征于色，发于声，而后喻 《生于忧患，死于安乐》②兴办，创办 越明年，政通人和，百废具兴 《岳阳楼记》；兴复汉室，还于旧都 《出师表》③兴盛，振兴，复兴 攘除奸凶，兴复汉室，还于旧都 《出师表》；愿陛下托臣以讨贼兴复之效，不效，则治臣之罪 《出师表》④兴致，兴趣 兴高采烈 《成语》；乘兴而来，兴尽而返 《世说新语》
98,修,①修建，修造 乃重修岳阳楼，增其旧制，刻唐贤今人诗赋于其上 《岳阳楼记》；修守战之具 《过秦论》②修正，修改 并云欲自修改而年已蹉跎，终无所成 《周处》；修书一封 《日常用语》③长，高 盖简桃核修狭者为之 《核舟记》；邹忌修八尺有余，而形貌昳丽 《邹忌讽齐王纳谏》④学习，锻炼 修己以安人 《论语》；修身齐家治国平天下 《大学》⑤善，美好 老冉冉其将至兮，恐修名之不立 《离骚》；修姱以鞿羁兮，謇朝谇而夕替 《离骚》
99,徐,缓慢，缓缓地，慢慢地 清风徐来，水波不兴 《赤壁赋》；徐以杓酌油沥之，自钱孔入，而钱不湿 《卖油翁》；徐而察之，则山下皆石穴罅 《石钟山记》
100,许,①表示约数，左右，上下 高可二黍许 《核舟记》；潭中鱼可百许头，皆若空游无所依 《小石潭记》；舟首尾长约八分有奇，高可二黍许 《核舟记》②答应，允许 遂许先帝以驱驰 《出师表》；安陵君其许寡人 《唐雎不辱使命》③赞同，赞成 杂然相许 《愚公移山》；时人莫之许也 《隆中对》④这样，如此 问渠那得清如许？为有源头活水来 《观书有感》；如许美景，令人陶醉 《日常用语》
101,寻,①找寻，寻求，探求 乃入吴寻二陆 《周处》；寻向所志，遂迷，不复得路 《桃花源记》；寻病终 《桃花源记》②不久，随即 未果，寻病终 《桃花源记》；寻蒙国恩，除臣洗马 《陈情表》③古代长度单位，八尺为一寻 飞来峰上千寻塔，闻说鸡鸣见日升 《登飞来峰》；千寻铁锁沉江底，一片降幡出石头 《西塞山怀古》
102,业,①事业，功业 先帝创业未半，而中道崩殂 《出师表》；晋太元中，武陵人捕鱼为业 《桃花源记》②职业 晋太元中，武陵人捕鱼为业 《桃花源记》；业精于勤，荒于嬉 《进学解》③已经 若业为吾所有，必高束焉，庋藏焉 《黄生借书说》；业已完成 《日常用语》④学业 其业有不精，德有不成者，非天质之卑，则心不若余之专耳 《送东阳马生序》；业精于勤 《进学解》
103,遗,①遗留，留下 深追先帝遗诏 《出师表》；以光先帝遗德，恢弘志士之气 《出师表》②（wèi）留给，送给，馈赠 是以先帝简拔以遗陛下 《出师表》；父母岁有裘葛之遗，无冻馁之患矣 《送东阳马生序》③遗失，丢失 秦无亡矢遗镞之费，而天下诸侯已困矣 《过秦论》；路不拾遗，夜不闭户 《成语》④剩余，残存 地有遗利，民有余力 《论贵粟疏》；遗风余俗 《汉书》
104,贻,①赠送，给予 尝贻余核舟一，盖大苏泛赤壁云 《核舟记》；贻笑大方 《成语》②遗留，留下 贻害无穷 《成语》；贻人口实 《成语》
105,夷,①少数民族 西和诸戎，南抚夷越 《隆中对》；夷狄之有君，不如诸夏之亡也 《论语》②平坦 其船背稍夷，则题名其上 《核舟记》；夫夷以近，则游者众；险以远，则至者少 《游褒禅山记》③平定，平息 今操芟夷大难，略已平矣 《赤壁之战》；夷灭三族 《史记》④和悦，平静 言和而色夷 《宋东阳马生序》；心旷神怡 《岳阳楼记》
106,异,①不同，不同的 览物之情，得无异乎？ 《岳阳楼记》；或异二者之为，何哉？ 《岳阳楼记》；陟罚臧否，不宜异同 《出师表》；不宜偏私，使内外异法也 《出师表》②特别的，奇特的，奇异的 然往来视之，觉无异能者 《黔之驴》；永州之野产异蛇，黑质而白章 《捕蛇者说》；奇山异水，天下独绝 《与朱元思书》③其他的，别的 日 “姑俟异日观” 云尔 《黄生借书说》；异日，客从外来，与坐谈 《邹忌讽齐王纳谏》④对…… 感到惊异 父异焉，借旁近与之 《伤仲永》；渔人甚异之，复前行，欲穷其林 《桃花源记》
107,易,①容易 天下事有难易乎？为之，则难者亦易矣；不为，则易者亦难矣 《为学》；易如反掌 《成语》②交换，更换 寒暑易节，始一反焉 《愚公移山》；寡人欲以五百里之地易安陵，安陵君其许寡人 《唐雎不辱使命》③改变，变化 世易时移，变法宜矣 《吕氏春秋》；移风易俗 《荀子》④轻视，看不起 高祖为亭长，素易诸吏 《史记》；易与耳 《史记》
108,诣,①拜访，谒见 酒酣，吏二缚一人诣王 《橘逾淮为枳》；及郡下，诣太守，说如此 《桃花源记》；元直走马荐诸葛，遂诣亮，凡三往，乃见 《隆中对》②到，到达 诣太守，说如此 《桃花源记》；乃诣丞相府归马 《史记》③学业、技艺所达到的程度 苦心孤诣 《成语》；诣极 《日常用语》
109,益,①增长，增加 所以动心忍性，曾益其所不能 《生于忧患，死于安乐》；益习其声，又近出前后，终不敢搏 《黔之驴》②好处，利益 必能裨补阙漏，有所广益 《出师表》；满招损，谦受益 《尚书》③更，更加 益习其声，又近出前后，终不敢搏 《黔之驴》；香远益清，亭亭净植 《爱莲说》④逐渐，渐渐地 益习其声，又近出前后，终不敢搏 《黔之驴》；益慕圣贤之道 《送东阳马生序》
110,阴,①山的北面，水的南面 其阴，济水东流 《登泰山记》；达于汉阴，可乎？ 《愚公移山》②阴天，没有阳光 朝晖夕阴，气象万千 《岳阳楼记》；树林阴翳，鸣声上下，游人去而禽鸟乐也 《醉翁亭记》③阴暗，阴冷 阴风怒号，浊浪排空 《岳阳楼记》；阴惨惨 《日常用语》④暗中，暗地里 阴知奸党名姓，一时收禽 《张衡传》；阴奉阳违 《成语》
111,引,①拉，牵 友人惭，下车引之 《陈太丘与友期行》；见人方引婴儿而欲投之江中 《吕氏春秋两则》②引导，带领 引喻失义，以塞忠谏之路也 《出师表》；引兵西向 《史记》③取过来，拿出 引壶觞以自酌，眄庭柯以怡颜 《归去来兮辞》；引刀成一快，不负少年头 《狱中题壁》④延长，伸长 常有高猿长啸，属引凄异，空谷传响，哀转久绝 《三峡》；引颈而望 《成语》
112,盈,①满，充满 而计其长，曾不盈寸 《核舟记》；盈虚者如彼，而卒莫消长也 《赤壁赋》②增长，多余，旺盛 彼竭我盈，故克之 《曹刿论战》；恶积祸盈，理至焦烂 《与陈伯之书》③圆满，完整 盈缩之期，不但在天；养怡之福，可得永年 《龟虽寿》；盈亏 《日常用语》
113,余,①我 余闻而愈悲 《捕蛇者说》；余幼时即嗜学 《送东阳马生序》②剩下的，多余的 实冀三横唯余其一 《周处》；车六七百乘，骑千余，卒数万人 《陈涉世家》；其级七千有余 《登泰山记》③遗留，剩下 昔人已乘黄鹤去，此地空余黄鹤楼 《黄鹤楼》；余音绕梁，三日不绝 《列子》④我，我的 余不佞，独持迂论 《答司马谏议书》；余观夫巴陵胜状，在洞庭一湖 《岳阳楼记》
114,御,①抵挡，抵御 以啮人，无御之者 《捕蛇者说》；而御六气之辩，以游无穷者，彼且恶乎待哉？ 《庄子・逍遥游》②驾驶，驾驭 虽乘奔御风，不以疾也 《三峡》；御车，御马 《日常用语》③侍奉，伺候 御于君所 《论语》；御膳，御酒 《日常用语》④皇帝的，与皇帝有关的 御驾亲征 《成语》；御花园，御书房 《日常用语》
115,缘,①沿着，顺着 缘溪行，忘路之远近 《桃花源记》；缘木求鱼 《孟子》②原因，缘故 不识庐山真面目，只缘身在此山中 《题西林壁》；无缘无故 《成语》③缘分，机缘 有缘千里来相会，无缘对面不相逢 《成语》；金玉良缘 《红楼梦》④攀援，攀登 缘崖而登 《成语》；缘木求鱼 《孟子》
116,远,①距离远，与 “近” 相对 可远观而不可亵玩焉 《爱莲说》；衔远山，吞长江，浩浩汤汤，横无际涯 《岳阳楼记》；忘路之远近 《桃花源记》②时间久，久远 其远古刻尽漫失 《登泰山记》；远在天边，近在眼前 《成语》③差距大 今吾以十倍之地，请广于君，而君逆寡人者，轻寡人与？ 《唐雎不辱使命》；相差甚远 《成语》④深远，深奥 其旨远，其辞文 《周易》；高瞻远瞩 《成语》
117,云,①说 此中人语云：“不足为外人道也。” 《桃花源记》；曰 “姑俟异日观” 云尔 《黄生借书说》②句首、句中、句末语气词，无实义 曰 “姑俟异日观” 云尔 《黄生借书说》；云谁之思？西方美人 《诗经》③云彩，云气 天门云 《登泰山记》；极天云一线异色，须臾成五采 《登泰山记》；公输盘为楚造云梯之械，成，将以攻宋 《公输》④像云一样高的 云梯 《公输》；云帆济沧海 《行路难》
118,章,①花纹 黑质而白章 《捕蛇者说》；终岁不制衣，而文彩成章 《卖柑者言》②印章 其船背稍夷，则题名其上，文曰 “天启壬戌秋日，虞山王毅叔远甫刻”，细若蚊足，钩画了了，其色墨 《核舟记》；盖章，印章 《日常用语》③文章，作品 文章本天成，妙手偶得之 《文章》；章回体小说 《文学术语》④条理，秩序 杂乱无章 《成语》；约法三章 《史记》
119,知,①知道，了解 西蜀之去南海，不知几千里也 《为学》；始知为人情所患，有自改意 《周处》；以我酌油知之 《卖油翁》；不可知其源 《小石潭记》；由此观之，王之蔽甚矣 《邹忌讽齐王纳谏》②认识，识别 知否，知否？应是绿肥红瘦 《如梦令》；知子莫若父 《成语》③同 “智”，智慧，聪明 知者不惑，仁者不忧，勇者不惧 《论语》；两小儿笑曰：“孰为汝多知乎？” 《两小儿辩日》④主持，管理 知政失者在草野，知屋漏者在宇下 《论衡》；知县，知府 《古代官职》
120,止,①停止，停下 又一大儿醒，絮絮不止 《口技（林嗣环）》；妇拍儿亦渐拍渐止 《口技（林嗣环）》；未成一篑，止，吾止也 《孔孟论学》；一狼得骨止，一狼仍从 《狼》；既止复作 《黠鼠赋》②阻止，禁止 拊床而止之，既止复作 《黠鼠赋》；止戈为武 《左传》③只是，仅仅 止有剩骨 《狼》；止增笑耳 《狼》；非独贤者有是心也，人皆有之，贤者能勿丧耳 《鱼我所欲也》④居住，止息 止宿 《日常用语》；止息 《成语》
121,致,①达到，实现 非宁静无以致远 《诫子书》；不专心致志，则不得也 《黄生借书说》②得到，获得 余幼好书，家贫难致 《黄生借书说》；无从致书以观 《送东阳马生序》③招致，引来 以致天下之士 《过秦论》；致食客三千人 《史记》④尽，极 致殷勤之意 《赤壁之战》；致仕，致事 《古代官职》⑤同 “至”，到 自董卓已来，豪杰并起，跨州连郡者不可胜数 《隆中对》；致之何由？ 《列子》
122,质,①质地，底子 黑质而白章 《捕蛇者说》；玉质金相 《成语》②本质，实质 其质非不美也，所渐者然也 《劝学》；质胜文则野，文胜质则史 《论语》③询问，质问 余立侍左右，援疑质理，俯身倾耳以请 《送东阳马生序》；质疑问难 《成语》④同 “锧”，刑具，杀人时作垫用的砧板 君不如肉袒伏斧质请罪，则幸得脱矣 《廉颇蔺相如列传》；斧质 《史记》
123,治,①治理，管理 治国安邦 《成语》；治世不一道，便国不法古 《商君书》②医治，治疗 君有疾在腠理，不治将恐深 《扁鹊见蔡桓公》；治病救人 《成语》③惩处，惩办 不效，则治臣之罪 《出师表》；治罪，惩处 《日常用语》④安定，太平 天下大治 《成语》；治世 《史记》⑤研究，学习 治学严谨 《成语》；治经，治史 《日常用语》
124,诸,①众多，各个 诸郡县苦秦吏者，皆刑其长吏，杀之以应陈涉 《陈涉世家》；诸如此类 《成语》②“之于” 的合音 投诸渤海之尾，隐土之北 《愚公移山》；或取诸怀抱，悟言一室之内 《兰亭集序》③“之乎” 的合音 王尝语庄子以好乐，有诸？ 《孟子》；齐宣王问曰：“文王之囿方七十里，有诸？” 《孟子》④各位，众位 诸公，诸兄 《日常用语》；诸侯 《史记》
125,专,①独有，独占 衣食所安，弗敢专也，必以分人 《曹刿论战》；有蒋氏者，专其利三世矣 《捕蛇者说》②专门，专一 其一人专心致志，惟弈秋之为听 《孔孟论学》；然后叹借者之用心专，而少时之岁月为可惜也 《黄生借书说》③专擅，独断 专权，专政 《日常用语》；事无大小，悉以咨之，然后施行 《出师表》
126,周,①周遍，遍及 天不兼覆，地不周载 《中国古代神话三则》；周公吐哺，天下归心 《短歌行》②环绕，循环 周而复始 《成语》；周转 《日常用语》③周全，全面 计划周密 《成语》；周详 《日常用语》④朝代名 周朝，西周，东周 《历史》
127,走,①跑，逃跑 两股战战，几欲先走 《口技（林嗣环）》；覆而出之，堕地乃走 《黠鼠赋》；永之人争奔走焉 《捕蛇者说》②奔向，趋向 永之人争奔走焉 《捕蛇者说》；走马上任 《成语》③行走，步行 走街串巷 《成语》；行走 《日常用语》④离开，离去 走了，走开 《日常用语》；走为上计 《孙子兵法》
128,足,①脚 细若蚊足，钩画了了 《核舟记》；亭东自足下皆云漫 《登泰山记》；吾一瓶一钵足矣 《为学》②足够，充足 荆国有余于地，而不足于民 《公输》；今南方已定，兵甲已足 《出师表》；杀所不足而争所有余，不可谓智 《公输》③值得，够得上，配 不足为外人道也 《桃花源记》；不足挂齿 《成语》④满足，满意 知足常乐 《成语》；不足 《日常用语》
129,卒,①士卒，士兵 车六七百乘，骑千余，卒数万人 《陈涉世家》；卒皆夜惊恐 《陈涉世家》②最后，终于 卒见使于一鼠，堕此虫之计中 《黠鼠赋》；卒廷见相如，毕礼而归之 《廉颇蔺相如列传》③死亡 生卒年不详 《历史》；卒于任上 《日常用语》④同 “猝”，突然，仓促 卒然边境有急，将何以御之？ 《论积贮疏》；卒中 《医学术语》
130,作,①振作，奋发 困于心，衡于虑，而后作 《生于忧患，死于安乐》；一鼓作气，再而衰，三而竭 《曹刿论战》②发出，出现 火爆声，呼呼风声，百千齐作 《口技（林嗣环）》；拊床而止之，既止复作 《黠鼠赋》③写作，创作 自是指物作诗立就 《伤仲永》；属予作文以记之 《岳阳楼记》④建造，建筑 作亭者谁？山之僧智仙也 《醉翁亭记》⑤做，制作 若有作奸犯科及为忠善者，宜付有司论其刑赏 《出师表》；便要还家，设酒杀鸡作食 《桃花源记》⑥劳作，劳动 其中往来种作，男女衣着，悉如外人 《桃花源记》；日出而作，日入而息 《击壤歌》
131,坐,①坐着，坐下（古人两膝着地，臀部压在脚后跟上） 起坐而喧哗者，众宾欢也 《醉翁亭记》；其一犬坐于前 《狼》；与子颖坐日观亭，待日出 《登泰山记》②座位 满坐寂然，无敢哗者 《口技（林嗣环）》；请以剑舞，因击沛公于坐 《鸿门宴》③犯…… 罪，获罪 王曰：“何坐？” 曰：“坐盗。” 《橘逾淮为枳》；坐法去官 《史记》④因为，由于 停车坐爱枫林晚，霜叶红于二月花 《山行》；坐此解职 《宋史》
132,布衣,平民百姓 臣本布衣，躬耕于南阳，苟全性命于乱世，不求闻达于诸侯 《出师表》；布衣之交 《成语》
133,菲薄,轻视，小看 不宜妄自菲薄，引喻失义，以塞忠谏之路也 《出师表》；妄自菲薄 《成语》
134,间隔,断绝往来 遂与外人间隔 《桃花源记》；间隔，距离 《日常用语》
135,交通,彼此交错相通 阡陌交通，鸡犬相闻 《桃花源记》；交通要道 《日常用语》
136,节目,节骨眼儿，关键之处 如攻坚木，先其易者而后其节目 《熟读精思（课外）》；节目单，文艺节目 《日常用语》
137,绝境,与世人隔绝的地方 率妻子邑人来此绝境，不复出焉，遂与外人间隔 《桃花源记》；绝境逢生 《成语》
138,其实,它的果实 叶徒相似，其实味不同 《橘逾淮为枳》；其实不然 《日常用语》
139,阡陌,田间小路 阡陌交通，鸡犬相闻 《桃花源记》；阡陌纵横 《成语》
140,亲戚,亲属。亲，指族内；戚，指族外 寡助之至，亲戚畔之 《天时不如地利》；亲戚朋友 《日常用语》
141,驱驰,奔走效劳 由是感激，遂许先帝以驱驰 《出师表》；驱驰疆场 《成语》
142,问津,问路，探访，访求 后遂无问津者 《桃花源记》；无人问津 《成语》
143,无论,不要说，更不必说 乃不知有汉，无论魏晋 《桃花源记》；其他祖父积、子孙弃者无论焉 《黄生借书说》
144,牺牲,指猪、牛、羊等祭品 牺牲玉帛，弗敢加也，必以信 《曹刿论战》；牺牲精神 《日常用语》
145,鸿儒,学问渊博的读书人 谈笑有鸿儒，往来无白丁 《陋室铭》；鸿儒硕学 《成语》
146,白丁,平民，此指无学问的人 谈笑有鸿儒，往来无白丁 《陋室铭》；目不识丁 《成语》
147,入,①进入，与 “出” 相对 乃入吴寻二陆 《周处》；虎见之，庞然大物也，以为神，蔽林间窥之 《黔之驴》；故五月渡泸，深入不毛 《出师表》；余始循以入，道少半，越中岭，复循西谷，遂至其巅 《登泰山记》；乃入据陈 《陈涉世家》②跳入 周处年少时，凶强侠气，为乡里所患；又义兴水中有蛟，山中有白额虎，并皆暴犯百姓。义兴人谓为三横，而处尤剧。或说处杀虎斩蛟，实冀三横唯余其一。处即刺杀虎，又入水击蛟。蛟或浮或没，行数十里，处与之俱。经三日三夜，乡里皆谓已死，更相庆。竟杀蛟而出，闻里人相庆，始知为人情所患，有自改意 《周处》③注入 以钱覆其口，徐以杓酌油沥之，自钱孔入，而钱不湿 《卖油翁》④进宫廷 曹刿请见 《曹刿论战》；于是入朝见威王 《邹忌讽齐王纳谏》⑤射进 月色入户，欣然起行 《记承天夜游》⑥缴纳 募有能捕之者，当其租入 《捕蛇者说》
148,善,①好，好的，善良的 若有作奸犯科及为忠善者，宜付有司论其刑赏 《出师表》；择其善者而从之，其不善者而改之 《论语》②友好，亲善 有韩仔玉者，无与乙善 《果合传》；楚左尹项伯者，项羽季父也，素善留侯张良 《鸿门宴》③擅长，善于 王视晏子曰：“齐人固善盗乎？” 《橘逾淮为枳》；陈康肃公尧咨善射，当世无双 《卖油翁》；弈秋，通国之善弈者也 《孔孟论学》；京中有善口技者 《口技（林嗣环）》④应答之词，好 王曰：“善。” 《邹忌讽齐王纳谏》；先主曰：“善！” 于是与亮情好日密 《隆中对》
149,少,①数量少，不多 义不杀少而杀众，不可谓知类 《公输》；饮少辄醉，而年又最高 《醉翁亭记》；山多石，少土 《登泰山记》；少杂树，多松，生石罅，皆平顶 《登泰山记》②一会儿，不多时 少顷，但闻屏障中抚尺一下，满坐寂然，无敢哗者 《口技（林嗣环）》；少时，一狼径去，其一犬坐于前 《狼》③缺少，不足 但少闲人如吾两人者耳 《记承天夜游》；遥知兄弟登高处，遍插茱萸少一人 《九月九日忆山东兄弟》④年轻，年少 周处年少时，凶强侠气，为乡里所患 《周处》；而少时之岁月为可惜也 《黄生借书说》；陈涉少时，尝与人佣耕 《陈涉世家》；吾闻二世少子也，不当立 《陈涉世家》⑤稍微，略微 宾客意少舒，稍稍正坐 《口技（林嗣环）》；少焉，月出于东山之上，徘徊于斗牛之间 《赤壁赋》
150,舍,①房屋，住宅 土地平旷，屋舍俨然，有良田、美池、桑竹之属 《桃花源记》；客舍青青柳色新 《送元二使安西》②舍弃，放下 便舍船，从口入 《桃花源记》；舍鱼而取熊掌者也 《鱼我所欲也》；锲而不舍，金石可镂 《劝学》③同 “赦”，赦免 舍其罪，言其功 《左传》；万钟则不辩礼义而受之，万钟于我何加焉！ 《鱼我所欲也》